<<<<<<< Updated upstream
1	Khoa	mia@example.com	pass1386	7788990011	89	Highland Ave	District 7	Ward C	Can Tho
2	Nghia	sophia@example.com	pass6015	8899001122	45A	Oak St	District 6	Ward J	Hanoi
3	Tuan	alice@example.com	pass7172	2233445566	89	Cedar Lane	District 3	Ward C	Can Tho
4	Dang Khoa	alice@example.com	pass9463	1122334455	33B	Second St	District 9	Ward A	Hanoi
5	Duong Huynh	john@example.com	pass1386	4455667788	90B	Elm St	District 1	Ward J	Can Tho
6	Thanh Ngan	mia@example.com	pass3165	1234567890	15C	Pine St	District 3	Ward I	Da Nang
7	Thuong Hoai	alice@example.com	pass2337	6677889900	101A	Elm St	District 4	Ward F	Hanoi
8	Huu Le	liam@example.com	pass5169	0987654321	33B	Cedar Lane	District 9	Ward J	Da Nang
9	Tran Thu H	chris@example.com	pass8505	1234567890	67D	Pine St	District 4	Ward B	Hanoi
10	Nguyen Thanh Huong	alice@example.com	pass1976	1122334455	101A	Second St	District 7	Ward E	Da Nang
11	Khang	bob@example.com	pass5273	4455667788	15C	Maple Ave	District 9	Ward I	Da Nang
12	Tuan Khai	alice@example.com	pass6538	1122334455	23	Elm St	District 6	Ward H	Hanoi
13	Nguyen Thi Nho	sophia@example.com	pass5659	8899001122	101A	Birch Blvd	District 3	Ward A	Hai Phong
14	Tran Trong Tuan	alice@example.com	pass4574	3344556677	90B	Oak St	District 4	Ward I	Can Tho
15	Nguyen Hai Tran	tom@example.com	pass6546	4455667788	78	Elm St	District 1	Ward A	Hai Phong
16	nguyen Thanh Truong	mia@example.com	pass4701	7788990011	23	Willow Rd	District 8	Ward E	Da Nang
17	Phan Thi Tuyet Thuong	jane@example.com	pass8321	8899001122	45A	Elm St	District 7	Ward A	Ho Chi Minh
18	Nguyen Huu Thanh	mia@example.com	pass4883	1234567890	45A	Cedar Lane	District 3	Ward B	Da Nang
19  tran Khai Tuan	tom@example.com	pass1211	7788990011	15C	Willow Rd	District 1	Ward D	Hanoi
20	Truong Thi Tuyet	emma@example.com	pass1681	1234567890	78	Second St	District 5	Ward G	Da Nang
21	Le Thi Truong	alice@example.com	pass4323	6677889900	23	Second St	District 4	Ward C	Can Tho
22	Nguyen Huu Trang	emma@example.com	pass4043	4455667788	90B	Oak St	District 8	Ward F	Hai Phong
=======
1	Huynh Ngoc Hieu	ngochiu@gmail.com	Ngochiu123!@#	0234719283	23D	Nguyen Huu Canh	3	12	TPHCM
2	Tran Minh Duc	minhduc@gmail.com	Duc456$%^&	0987654321	180	Nguyen Trai	10	3	Hanoi
3	Pham Thi Lan	lanpham@yahoo.com	Lan789*()_	0912345678	165	Le Loi	8	12	Da Nang
5	Hoang Thi Mai	mai.hoang@hotmail.com	Mai654@#$$	0945678901	160	Tran Phu	15	9	Haiphong
6	Le Quoc Bao	bao.le@gmail.com	Bao987^&*	0956789012	185	Hoang Van Thu	7	4	Nha Trang
7	Bui Thi Hoa	hoa.bui@yahoo.com	Hoa159!@#	0967890123	170	Nguyen Hue	12	6	Da Lat
8	Dang Van Long	long.dang@gmail.com	Long753$%^	0978901234	178	Le Lai	3	8	Can Gio
9	Vo Thi Kim	Kim.vo@hotmail.com	Kim258*()	0989012345	162	Tran Quang	9	11	Quy Nhon
10	Do Minh Thuan	thuan.do@gmail.com	Thuan369&*#	0990123456	168	Nguyen Thi Minh	4	2	Buon Ma Thuot
11	Nguyen Thi Hoa	hoa.nguyen@gmail.com	Hoa147!@#	0901234567	155	Pham Duy	6	10	Thanh Hoa
12	Pham Van Tuan	tuan.pham@yahoo.com	Tuan258$%^	0912345679	172	Le Van	11	1	Hue
13	Hoang Van Son	son.hoang@hotmail.com	Son369*()	0923456780	180	Nguyen Van Hien	14	5	Vinh
14	Le Thi Thu	thu.le@gmail.com	Thu456&*#	0934567891	158	Tran Huu	5	7	Ha Long
15	Bui Van Khoa	khoa.bui@yahoo.com	Khoa789@#$	0945678902	190	Le Thanh	8	3	Nam Dinh
16	Dang Thi Minh	minh.dang@gmail.com	Minh123!@#	0956789013	165	Pham Ngoc	10	6	Phan Thiet
17	Vo Van Quang	quang.vo@hotmail.com	Quang456$%^	0967890124	175	Nguyen Duc	2	9	Kon Tum
18	Do Thi Mai	mai.do@gmail.com	Mai789*()	0978901235	160	Le Thanh	7	4	Sa Dec
19	Nguyen Van Huy	huy.nguyen@yahoo.com	Huy321&*#	0989012346	182	Pham Tien	3	8	Ly Son
20	Pham Thi Nga	nga.pham@gmail.com	Nga654@#$	0990123457	170	Tran Binh	12	2	Ha Tinh
>>>>>>> Stashed changes
